<?xml version="1.0" encoding="UTF-8"?><?xml-stylesheet type='text/xsl' href='_UpgradeReport_Files/UpgradeReport.xslt'?><UpgradeLog>
<Properties><Property Name="Solution" Value="AdaptiveMedianFilter">
</Property><Property Name="Solution File" Value="C:\Users\Ahmed\Desktop\ALGO 2011\PROJECT IDEAS\[ALG'10] PROJECTs\ADAPTIVE IMAGE FILTER\[TEMPLATE] AdaptiveMedianFilter\AdaptiveMedianFilter.sln">
</Property><Property Name="User Options File" Value="C:\Users\Ahmed\Desktop\ALGO 2011\PROJECT IDEAS\[ALG'10] PROJECTs\ADAPTIVE IMAGE FILTER\[TEMPLATE] AdaptiveMedianFilter\AdaptiveMedianFilter.suo">
</Property><Property Name="Date" Value="Tuesday, December 13, 2011">
</Property><Property Name="Time" Value="0:09 AM">
</Property></Properties><Event ErrorLevel="0" Project="" Source="AdaptiveMedianFilter.sln" Description="File successfully backed up as C:\Users\Ahmed\Desktop\ALGO 2011\PROJECT IDEAS\[ALG'10] PROJECTs\ADAPTIVE IMAGE FILTER\[TEMPLATE] AdaptiveMedianFilter\Backup\AdaptiveMedianFilter.sln">
</Event><Event ErrorLevel="0" Project="" Source="AdaptiveMedianFilter.suo" Description="File successfully backed up as C:\Users\Ahmed\Desktop\ALGO 2011\PROJECT IDEAS\[ALG'10] PROJECTs\ADAPTIVE IMAGE FILTER\[TEMPLATE] AdaptiveMedianFilter\Backup\AdaptiveMedianFilter.suo">
</Event><Event ErrorLevel="0" Project="AdaptiveMedianFilter" Source="AdaptiveMedianFilter\AdaptiveMedianFilter.csproj" Description="Project file successfully backed up as C:\Users\Ahmed\Desktop\ALGO 2011\PROJECT IDEAS\[ALG'10] PROJECTs\ADAPTIVE IMAGE FILTER\[TEMPLATE] AdaptiveMedianFilter\Backup\AdaptiveMedianFilter\AdaptiveMedianFilter.csproj">
</Event><Event ErrorLevel="0" Project="AdaptiveMedianFilter" Source="AdaptiveMedianFilter\Form1.cs" Description="File successfully backed up as C:\Users\Ahmed\Desktop\ALGO 2011\PROJECT IDEAS\[ALG'10] PROJECTs\ADAPTIVE IMAGE FILTER\[TEMPLATE] AdaptiveMedianFilter\Backup\AdaptiveMedianFilter\Form1.cs">
</Event><Event ErrorLevel="0" Project="AdaptiveMedianFilter" Source="AdaptiveMedianFilter\Form1.Designer.cs" Description="File successfully backed up as C:\Users\Ahmed\Desktop\ALGO 2011\PROJECT IDEAS\[ALG'10] PROJECTs\ADAPTIVE IMAGE FILTER\[TEMPLATE] AdaptiveMedianFilter\Backup\AdaptiveMedianFilter\Form1.Designer.cs">
</Event><Event ErrorLevel="0" Project="AdaptiveMedianFilter" Source="AdaptiveMedianFilter\ImageOperations.cs" Description="File successfully backed up as C:\Users\Ahmed\Desktop\ALGO 2011\PROJECT IDEAS\[ALG'10] PROJECTs\ADAPTIVE IMAGE FILTER\[TEMPLATE] AdaptiveMedianFilter\Backup\AdaptiveMedianFilter\ImageOperations.cs">
</Event><Event ErrorLevel="0" Project="AdaptiveMedianFilter" Source="AdaptiveMedianFilter\Program.cs" Description="File successfully backed up as C:\Users\Ahmed\Desktop\ALGO 2011\PROJECT IDEAS\[ALG'10] PROJECTs\ADAPTIVE IMAGE FILTER\[TEMPLATE] AdaptiveMedianFilter\Backup\AdaptiveMedianFilter\Program.cs">
</Event><Event ErrorLevel="0" Project="AdaptiveMedianFilter" Source="AdaptiveMedianFilter\Properties\AssemblyInfo.cs" Description="File successfully backed up as C:\Users\Ahmed\Desktop\ALGO 2011\PROJECT IDEAS\[ALG'10] PROJECTs\ADAPTIVE IMAGE FILTER\[TEMPLATE] AdaptiveMedianFilter\Backup\AdaptiveMedianFilter\Properties\AssemblyInfo.cs">
</Event><Event ErrorLevel="0" Project="AdaptiveMedianFilter" Source="AdaptiveMedianFilter\Properties\Resources.Designer.cs" Description="File successfully backed up as C:\Users\Ahmed\Desktop\ALGO 2011\PROJECT IDEAS\[ALG'10] PROJECTs\ADAPTIVE IMAGE FILTER\[TEMPLATE] AdaptiveMedianFilter\Backup\AdaptiveMedianFilter\Properties\Resources.Designer.cs">
</Event><Event ErrorLevel="0" Project="AdaptiveMedianFilter" Source="AdaptiveMedianFilter\Properties\Settings.Designer.cs" Description="File successfully backed up as C:\Users\Ahmed\Desktop\ALGO 2011\PROJECT IDEAS\[ALG'10] PROJECTs\ADAPTIVE IMAGE FILTER\[TEMPLATE] AdaptiveMedianFilter\Backup\AdaptiveMedianFilter\Properties\Settings.Designer.cs">
</Event><Event ErrorLevel="0" Project="AdaptiveMedianFilter" Source="AdaptiveMedianFilter\ZedGraph.cs" Description="File successfully backed up as C:\Users\Ahmed\Desktop\ALGO 2011\PROJECT IDEAS\[ALG'10] PROJECTs\ADAPTIVE IMAGE FILTER\[TEMPLATE] AdaptiveMedianFilter\Backup\AdaptiveMedianFilter\ZedGraph.cs">
</Event><Event ErrorLevel="0" Project="AdaptiveMedianFilter" Source="AdaptiveMedianFilter\Properties\Settings.settings" Description="File successfully backed up as C:\Users\Ahmed\Desktop\ALGO 2011\PROJECT IDEAS\[ALG'10] PROJECTs\ADAPTIVE IMAGE FILTER\[TEMPLATE] AdaptiveMedianFilter\Backup\AdaptiveMedianFilter\Properties\Settings.settings">
</Event><Event ErrorLevel="0" Project="AdaptiveMedianFilter" Source="AdaptiveMedianFilter\Form1.resx" Description="File successfully backed up as C:\Users\Ahmed\Desktop\ALGO 2011\PROJECT IDEAS\[ALG'10] PROJECTs\ADAPTIVE IMAGE FILTER\[TEMPLATE] AdaptiveMedianFilter\Backup\AdaptiveMedianFilter\Form1.resx">
</Event><Event ErrorLevel="0" Project="AdaptiveMedianFilter" Source="AdaptiveMedianFilter\Properties\Resources.resx" Description="File successfully backed up as C:\Users\Ahmed\Desktop\ALGO 2011\PROJECT IDEAS\[ALG'10] PROJECTs\ADAPTIVE IMAGE FILTER\[TEMPLATE] AdaptiveMedianFilter\Backup\AdaptiveMedianFilter\Properties\Resources.resx">
</Event><Event ErrorLevel="1" Project="AdaptiveMedianFilter" Source="AdaptiveMedianFilter\AdaptiveMedianFilter.csproj" Description="Your project is targeting .NET Framework 2.0 or 3.0. If your project uses assemblies requiring a newer .NET Framework, your project will fail to build. You can change the .NET Framework version by clicking Properties on the project menu and then selecting a new version in the '.NET Framework' dropdown box. (In Visual Basic, this is located on the Compile tab by clicking the 'Advanced Compiler Options...' button.)">
</Event><Event ErrorLevel="0" Project="AdaptiveMedianFilter" Source="AdaptiveMedianFilter\AdaptiveMedianFilter.csproj" Description="Project converted successfully">
</Event><Event ErrorLevel="3" Project="AdaptiveMedianFilter" Source="AdaptiveMedianFilter\AdaptiveMedianFilter.csproj" Description="Converted">
</Event><Event ErrorLevel="0" Project="" Source="AdaptiveMedianFilter.sln" Description="Solution converted successfully">
</Event><Event ErrorLevel="3" Project="" Source="AdaptiveMedianFilter.sln" Description="Converted">
</Event><Event ErrorLevel="0" Project="AdaptiveMedianFilter" Source="AdaptiveMedianFilter\AdaptiveMedianFilter.csproj" Description="Scan complete: Upgrade not required for project files.">
</Event></UpgradeLog>